{"cameraMode":{"drawMode":0,"name":"Shaded","section":"Shading Mode"},"sceneLighting":false,"audioPlay":false,"sceneViewState":{"showFog":true,"showMaterialUpdate":false,"showSkybox":false,"showFlares":true,"showImageEffects":true,"showParticleSystems":true},"in2DMode":false,"pivot":{"x":2.716672420501709,"y":0.5828903913497925,"z":3.4132080078125},"rotation":{"x":-0.3313942849636078,"y":-0.012173830531537533,"z":0.004276442341506481,"w":-0.9434057474136353},"size":1.3299157619476319,"orthographic":false}