{"cameraMode":{"drawMode":0,"name":"Shaded","section":"Shading Mode"},"sceneLighting":false,"audioPlay":false,"sceneViewState":{"showFog":true,"showMaterialUpdate":false,"showSkybox":false,"showFlares":true,"showImageEffects":true,"showParticleSystems":true},"in2DMode":false,"pivot":{"x":3.1600000858306886,"y":1.0,"z":3.009999990463257},"rotation":{"x":-0.18537989258766175,"y":0.5196091532707214,"z":-0.11663640290498734,"w":-0.8258568048477173},"size":0.7144709229469299,"orthographic":false}