{"cameraMode":{"drawMode":0,"name":"Shaded","section":"Shading Mode"},"sceneLighting":false,"audioPlay":false,"sceneViewState":{"showFog":true,"showMaterialUpdate":false,"showSkybox":true,"showFlares":true,"showImageEffects":true,"showParticleSystems":true},"in2DMode":false,"pivot":{"x":-1.8027892112731934,"y":2.240396022796631,"z":2.066495418548584},"rotation":{"x":-0.31645408272743227,"y":0.1421356499195099,"z":-0.048020705580711368,"w":-0.9366710186004639},"size":5.387916088104248,"orthographic":false}